,school_no, longitude, latitude, person, sa2_name_2016, sa4_name_2016, mb_category_name_2016, sa3_name_2016, mb_code_2016, Connectivity, Area, Connections, LUM_Residential, LUM_Parkland, LUM_Education, LUM_Commercial, LUM_Industrial, LUM_Hospital/Medical, LUM_Transport, LandUseMixMeasure, AverageDensity, Connectivity_ZScore, AverageDensity_ZScore, LandUseMixMeasure_ZScore, SumZScore
0,2107,144.9052,-37.86318,10,Williamstown,Melbourne - West,Industrial,Hobsons Bay,20285521000,88.7996366455,529281.445009,47,306645.084325,57625.289849,20794.2557318,10666.9998486,112374.081988,0.0,10188.2996275,0.602484271392,44.0979833691,-0.403317012092,-0.542888396576,1.26400761997,0.317802211306
1,2105,145.03148,-37.80222,159,Kew,Melbourne - Inner East,Residential,Boroondara,20074630000,62.1712731935,739891.555009,46,651184.349402,0.0,14168.6768555,66696.2372453,0.0,7842.29150561,0.0,0.232927721083,49.0336968912,-0.981700390126,-0.424915430326,-0.935294919348,-2.3419107398
2,2100,144.98926,-37.81954,7,East Melbourne,Melbourne - Inner,Parkland,Melbourne City,20668110000,182.789966438,815143.210011,149,376741.004459,332142.093282,0.0,79710.2318748,0.0,12820.5090465,13729.3713489,0.557053145063,85.9355285927,1.63820703972,0.457108724113,0.99363819636,3.0889539602
3,2079,144.95494,-37.80384,49,North Melbourne,Melbourne - Inner,Commercial,Melbourne City,20398673000,239.939852612,812703.675013,195,203782.225909,11139.4595829,3624.36115884,567082.32275,0.0,27075.3056123,0.0,0.408153731299,152.365612549,2.87953545554,2.04491442181,0.107508973317,5.03195885067
4,2077,145.02567,-37.88817,114,Caulfield - South,Melbourne - Inner South,Residential,Glen Eira,20192220000,68.3534850791,599823.110008,41,518562.945312,0.0,5000.76045432,59868.8876087,0.0,7518.53332923,7879.44081156,0.260424499614,46.3086520654,-0.847419190286,-0.490049198692,-0.771656269744,-2.10912465872
5,2072,144.9771,-37.83359,0,South Yarra - West,Melbourne - Inner,Education,Melbourne City,20400190000,186.473668473,681061.30501,127,180731.397666,401813.302215,67037.1335885,31479.4715409,0.0,0.0,0.0,0.53119585642,107.736688658,1.71821916778,0.978198027437,0.839756468317,3.53617366354
6,2047,144.98277,-37.77883,0,Fitzroy North,Melbourne - Inner,Education,Yarra,20636600000,95.2016589652,693265.230011,66,586954.887906,44598.0250873,15206.2383131,46506.0787054,0.0,0.0,0.0,0.299330789265,73.9815415527,-0.264261403128,0.171385635991,-0.540117411744,-0.63299317888
7,2036,145.00824,-37.81585,11,Richmond (Vic.),Melbourne - Inner,Education,Yarra,20643340000,127.101747784,763168.10501,97,452412.565462,8996.33102002,34550.5696945,119684.1449,147524.493934,0.0,0.0,0.570771807675,84.1453942955,0.428626883602,0.414321100382,1.0752806121,1.91822859608
8,2024,144.97227,-37.8103,21,Melbourne,Melbourne - Inner,Commercial,Melbourne City,20394030000,251.638722594,770946.530011,194,83907.1468386,124757.561466,0.0,517586.374749,0.0,44695.4469582,0.0,0.497817686898,325.605000181,3.1336416439,6.1856661771,0.64111652288,9.96042434388
9,2019,144.98349,-37.87323,0,Elwood,Melbourne - Inner,Education,Port Phillip,20528520000,86.3112479316,637228.650009,55,553971.302969,53018.9496697,6254.0485819,23984.3487885,0.0,0.0,0.0,0.255627427748,90.9632820739,-0.457366246955,0.577281620918,-0.800204572642,-0.680289198679
10,2016,144.9686,-37.81069,3,Melbourne,Melbourne - Inner,Commercial,Melbourne City,20393841000,264.771074458,766700.065012,203,88485.293087,7632.36940857,15914.0839776,654668.318538,0.0,0.0,0.0,0.262295855874,362.931373401,3.41888388368,7.07783768349,-0.760519466534,9.73620210064
11,2010,144.94273,-37.74119,0,Pascoe Vale South,Melbourne - Inner,Education,Brunswick - Coburg,20466830000,58.6829691249,766832.365012,45,731603.203115,0.0,10683.6713184,24545.4905782,0.0,0.0,0.0,0.110270144139,36.2071705978,-1.05746836191,-0.731493870654,-1.66525389373,-3.4542161263
12,1999,144.99768,-37.83762,0,South Yarra - East,Melbourne - Inner,Commercial,Stonnington - West,20549132000,186.994182619,497341.675006,93,241211.686495,55683.5893487,11332.6509967,178622.853182,0.0,0.0,10490.8949833,0.581445866283,153.065599997,1.72952503458,2.06164545679,1.13880400028,4.92997449165
13,1997,144.96716,-37.80142,5,Carlton,Melbourne - Inner,Commercial,Melbourne City,20399960000,222.717060255,826160.330013,184,255839.832337,141360.726538,84504.6606955,326667.512426,0.0,17787.5980163,0.0,0.692641477543,150.991290248,2.50544649433,2.01206549779,1.80055059901,6.31806259113
14,1981,145.04517,-37.84322,0,Hawthorn East,Melbourne - Inner East,Commercial,Boroondara,20071601000,90.9752207366,307776.115005,28,91311.7331649,53342.309364,0.0,146200.812717,0.0,0.0,15219.8581522,0.59997069955,46.5296159527,-0.356062073647,-0.484767740376,1.24904886757,0.408219053549
15,1972,145.03622,-37.73395,3,Preston - East,Melbourne - North East,Education,Darebin - North,20154500000,106.557623104,328460.780004,35,179183.078596,89121.7244694,31458.5460342,0.0,13336.6660918,0.0,0.0,0.535671387222,54.0499902981,-0.0176033270139,-0.305016451153,0.866391218121,0.543771439954
16,1952,145.03133,-37.82708,0,Hawthorn,Melbourne - Inner East,Education,Boroondara,20067490000,66.8017016178,568847.785007,38,517853.842344,18796.4084146,15259.5034649,11930.6085494,0.0,5007.42223413,0.0,0.214784906827,83.3362608839,-0.881124820072,0.394981268717,-1.04326631758,-1.52940986894
17,1941,144.9548,-37.83616,61,South Melbourne,Melbourne - Inner,Residential,Port Phillip,20532510000,149.821551293,800952.860012,120,602422.946769,65061.7703963,11566.4428371,95832.6618927,12612.3370722,0.0,13456.7010446,0.445765053272,56.530252186,0.922114090415,-0.245733461837,0.331341228095,1.00772185667
18,1924,145.03616,-37.78043,0,Yarra - North,Melbourne - Inner,Education,Yarra,20639390000,82.4058358802,400457.075006,33,347752.657224,33222.3978127,19482.0199693,0.0,0.0,0.0,0.0,0.244686467102,30.3440425897,-0.542194044163,-0.871633811824,-0.8653163465,-2.27914420249
19,1905,145.00522,-37.80366,66,Abbotsford,Melbourne - Inner,Education,Yarra,20637690000,131.743597069,242896.055003,32,65335.6870175,72260.5845592,85455.5792621,0.0,19844.2041645,0.0,0.0,0.660888867926,57.3781777943,0.529450521318,-0.225466422691,1.61158467512,1.91556877375
20,1874,144.96613,-37.73633,0,Coburg,Melbourne - Inner,Education,Brunswick - Coburg,20471878000,91.8315525135,598922.68501,55,419543.932747,31024.3117029,27383.838357,51600.8126884,68281.9990241,0.0,0.0,0.515210014651,38.4606722481,-0.337462054659,-0.677630883482,0.744621630723,-0.270471307418
21,1838,145.03604,-37.80551,0,Kew,Melbourne - Inner East,Education,Boroondara,20075320000,72.8251048102,672844.895009,49,475440.611275,46325.3876112,36550.0322535,114528.863869,0.0,0.0,0.0,0.456982516097,51.1145163818,-0.750293036438,-0.375179876097,0.398098519923,-0.727374392613
22,1819,144.97981,-37.78917,82,Fitzroy North,Melbourne - Inner,Residential,Yarra,20636410000,159.725893697,863980.140012,138,598566.119542,185045.315498,18102.2460634,36332.0148493,0.0,0.0,25934.4440597,0.464456777642,74.1881821687,1.13724210708,0.176324740805,0.442579296633,1.75614614452
23,1788,144.99873,-37.74725,0,Preston - East,Melbourne - North East,Education,Darebin - North,20153680000,104.74310088,210037.700003,22,83892.3032345,35247.3953158,12257.084499,22880.4030809,31246.3637605,0.0,24514.1501126,0.826125757567,43.1401412117,-0.0570157939198,-0.565782650872,2.59494137837,1.97214293358
24,1773,145.0105,-37.85823,68,Prahran - Windsor,Melbourne - Inner,Residential,Stonnington - West,20631988020,99.0047856158,656533.920009,65,619714.21598,8923.49568438,7079.07629058,19884.9304271,0.0,932.201626748,0.0,0.142334738321,79.1111773151,-0.181655303689,0.293993713619,-1.47443128932,-1.36209287939
25,1729,145.0012,-37.88229,85,Elsternwick,Melbourne - Inner South,Residential,Glen Eira,20190600000,86.1734195659,533807.295007,46,438692.262537,11713.6404862,17145.2180383,66256.1739458,0.0,0.0,0.0,0.315785937622,45.7497558861,-0.460359958374,-0.503407883267,-0.442189639832,-1.40595748147
26,1647,145.02695,-37.80623,68,Kew,Melbourne - Inner East,Residential,Boroondara,20075260000,81.8954106928,634956.215008,52,496830.199528,2430.2930188,0.0,107446.156086,0.0,13012.6575949,15236.9087802,0.35101839287,46.2995494562,-0.553280772969,-0.49026676841,-0.23251448124,-1.27606202262
27,1626,145.04337,-37.84227,0,Hawthorn East,Melbourne - Inner East,Commercial,Boroondara,20071592000,80.2678122166,298999.055004,24,69658.0216354,74204.7357895,1785.63325365,128820.23788,0.0,0.0,22829.0248386,0.656051968303,46.2556861141,-0.588633148508,-0.491315185941,1.58279934953,0.502851015084
28,1625,144.89796,-37.75662,3,Essendon - Aberfeldie,Melbourne - Inner,Education,Essendon,20445930000,65.6089909266,685881.605013,45,632307.229526,1341.40715893,52232.9683268,0.0,0.0,0.0,0.0,0.145573030494,32.1807722577,-0.907031182655,-0.827732469868,-1.455159586,-3.18992323852
29,1585,144.89658,-37.75635,3,Essendon - Aberfeldie,Melbourne - Inner,Education,Essendon,20445930000,64.4544606666,651622.86001,42,587267.664722,22466.401738,41888.7935508,0.0,0.0,0.0,0.0,0.198488361826,34.495112057,-0.932108244301,-0.772415334906,-1.14025021023,-2.84477378944
30,1563,144.89104,-37.7669,11,Maribyrnong,Melbourne - West,Education,Maribyrnong,20376730000,66.064107736,423830.745007,28,318825.931669,86960.2217918,14193.2564519,0.0,0.0,0.0,0.0,0.333898107846,43.4777916683,-0.897145783648,-0.557712161014,-0.334400610158,-1.78925855482
31,1561,145.00084,-37.86928,0,Caulfield - North,Melbourne - Inner South,Education,Glen Eira,20631990800,58.0063404733,603382.315009,35,552823.439318,2680.6374193,26163.4368398,17069.8015556,0.0,4644.99987607,0.0,0.194585606433,84.4354710318,-1.07216512561,0.421254487595,-1.16347626275,-1.81438690077
32,1559,145.02655,-37.82304,0,Hawthorn,Melbourne - Inner East,Education,Boroondara,20067160000,112.71627314,621028.340009,70,419109.220239,44331.9142972,9839.4182095,138174.906759,0.0,9572.88050394,0.0,0.471852925256,111.455629302,0.116166095899,1.06708780134,0.486595202223,1.66984909946
33,1534,144.88902,-37.74366,0,Niddrie - Essendon West,Melbourne - North West,Education,Keilor,20454840000,46.7204865899,321058.300006,15,285963.473811,2900.18081208,20492.8531607,0.0,0.0,0.0,0.0,0.152255222438,40.0850236227,-1.31730036664,-0.638805787771,-1.41539256875,-3.37149872316
34,1533,145.00034,-37.86812,0,Caulfield - North,Melbourne - Inner South,Education,Glen Eira,20189500000,66.3698273556,647884.76501,43,592176.544528,4540.25930283,26169.4815071,20860.7846813,0.0,4137.69499002,0.0,0.200146584049,88.6529772999,-0.890505377579,0.522060930755,-1.13038180892,-1.49882625575
35,1516,145.01619,-37.76085,60,Thornbury,Melbourne - Inner,Residential,Darebin - South,20143410000,51.2489884217,741478.050011,38,735271.151076,6206.89893555,0.0,0.0,0.0,0.0,0.0,0.0248593789097,41.880381283,-1.21893870083,-0.5958933157,-2.17354988442,-3.98838190095
36,1515,145.0082,-37.8839,0,Elsternwick,Melbourne - Inner South,Education,Glen Eira,20631983460,79.3094017202,643051.12501,51,528253.435014,23191.534172,18676.3404424,72929.8153818,0.0,0.0,0.0,0.324278158774,51.19840288,-0.609450376027,-0.373174828807,-0.391650788526,-1.37427599336
37,1513,144.9052,-37.75665,124,Essendon - Aberfeldie,Melbourne - Inner,Residential,Essendon,20450630000,65.2568848253,704906.465013,46,649572.650354,19070.9963922,27762.3024722,8500.51579504,0.0,0.0,0.0,0.181744344473,38.644411357,-0.914679129802,-0.673239168363,-1.23989709743,-2.8278153956
38,1500,145.03412,-37.76306,0,Ivanhoe,Melbourne - North East,Education,Banyule,20023290000,77.8013299683,629809.285008,49,569127.31786,47985.508889,5729.76442759,0.0,0.0,6966.69383169,0.0,0.195428479109,35.2715010354,-0.64220656233,-0.753858157645,-1.15846016437,-2.55452488434
39,1459,144.97272,-37.74742,96,Coburg,Melbourne - Inner,Residential,Brunswick - Coburg,20471940000,76.5886400607,639781.56501,49,609988.347713,13221.7504217,10004.5323463,6566.93452908,0.0,0.0,0.0,0.122132200832,42.0403775704,-0.668546884991,-0.592069099298,-1.59466049907,-2.85527648336
40,1422,144.92413,-37.74214,3,Strathmore,Melbourne - North West,Education,Keilor,20447010000,65.9176521048,561306.400009,37,486888.213815,29052.0355425,25607.5429035,19758.607748,0.0,0.0,0.0,0.275088055701,30.275223029,-0.900326884239,-0.873278730575,-0.684390610097,-2.45799622491
41,1415,145.0247,-37.8354,0,Toorak,Melbourne - Inner,Education,Stonnington - West,20631955270,23.7406690858,210609.060003,5,3512.66670968,124649.59216,69745.0315419,0.0,0.0,0.0,12701.7695915,0.469728359655,8.2690267954,-1.81643522705,-1.39926878934,0.473951501234,-2.74175251516
42,1412,144.99261,-37.7341,0,Preston - West,Melbourne - North East,Education,Darebin - North,20153840000,67.3062859766,564583.225008,38,524966.920192,0.0,19794.446639,0.0,0.0,0.0,0.0,0.0802295920578,38.1055048963,-0.870164957425,-0.686120060541,-1.84403103195,-3.40031604992
43,1368,145.0053,-37.88251,0,Elsternwick,Melbourne - Inner South,Education,Glen Eira,20190720000,95.4028316978,691803.36501,66,565229.612794,11303.5514115,17342.0634989,97928.1373055,0.0,0.0,0.0,0.309097116598,45.9182437485,-0.259891815609,-0.499380702027,-0.481996108018,-1.24126862565
44,1265,144.95155,-37.74984,0,Coburg,Melbourne - Inner,Education,Brunswick - Coburg,20468620000,64.3133307664,761894.920012,49,745598.423268,6639.57005327,9656.9266902,0.0,0.0,0.0,0.0,0.0605658043525,44.2655599154,-0.935173666949,-0.538882997528,-1.96105403749,-3.43511070197
45,1226,145.0149,-37.84819,0,Toorak,Melbourne - Inner,Education,Stonnington - West,20543840000,121.167395457,610725.350008,74,543995.756979,29359.560311,19284.2814209,18085.7512977,0.0,0.0,0.0,0.237574871079,51.2835783883,0.299729336003,-0.371138971718,-0.907638830507,-0.979048466222
46,1193,144.91031,-37.75111,0,Essendon - Aberfeldie,Melbourne - Inner,Education,Essendon,20444670000,65.0396809791,738011.000014,48,681346.57055,25000.6300991,19499.9610466,12163.838319,0.0,0.0,0.0,0.180942640843,47.2762556951,-0.919396922337,-0.46692162659,-1.24466819086,-2.63098673979
47,1176,145.00946,-37.85246,0,Prahran - Windsor,Melbourne - Inner,Education,Stonnington - West,20550690000,167.633569692,697950.89501,117,594377.403755,53370.1081131,3650.20502189,43537.5783797,0.0,3015.59974021,0.0,0.286475330763,69.7550333879,1.30900138033,0.0703640303308,-0.616622732793,0.762742677864
48,1164,145.03876,-37.77194,0,Ivanhoe,Melbourne - North East,Education,Banyule,20021340000,80.4486567946,522072.110007,42,394635.446683,64687.2243567,10702.7093023,48088.753813,0.0,0.0,3957.97585197,0.414533214513,32.1682832246,-0.584705100203,-0.828030981578,0.145474512345,-1.26726156944
49,1163,145.01132,-37.87791,0,Caulfield - North,Melbourne - Inner South,Education,Glen Eira,20182680000,83.345096277,479932.255007,40,471638.481303,0.0,8293.77370405,0.0,0.0,0.0,0.0,0.0448428760575,36.5576826232,-0.521792767826,-0.723115964774,-2.05462422613,-3.29953295873
50,1130,145.02553,-37.87345,3,Caulfield - North,Melbourne - Inner South,Education,Glen Eira,20190940000,71.4573295227,615752.090008,44,419311.757374,155157.869503,18421.7081251,22860.7550064,0.0,0.0,0.0,0.429744880069,48.8062717162,-0.780001902799,-0.430351325739,0.236002077495,-0.974351151043
51,1117,144.91496,-37.75991,0,Essendon - Aberfeldie,Melbourne - Inner,Education,Essendon,20449830000,74.7234219272,562072.76001,42,494567.52074,149.146181182,35713.1370934,31642.9559952,0.0,0.0,0.0,0.232208785588,36.7568176649,-0.709060496229,-0.7183562575,-0.939573443593,-2.36699019732
52,1116,145.02127,-37.8383,10,Toorak,Melbourne - Inner,Education,Stonnington - West,20550460000,74.3043102011,390286.915006,29,365140.387027,3076.13764502,22070.390334,0.0,0.0,0.0,0.0,0.135118073796,34.5002149415,-0.718163844108,-0.772293366235,-1.51737905632,-3.00783626666
53,1108,145.00166,-37.75684,0,Thornbury,Melbourne - Inner,Education,Darebin - South,20631928520,85.3290784792,714879.39501,61,535417.908887,14708.6754488,17573.5539475,106159.901764,0.0,0.0,41019.3549623,0.428957194908,67.288816029,-0.47869953267,0.0114167320443,0.231314410683,-0.235968389942
54,1070,144.98112,-37.88253,3,Elwood,Melbourne - Inner,Education,Port Phillip,20524210000,98.9353468376,606456.66001,60,450201.772984,92735.3838912,39179.8266396,8365.72860751,0.0,0.0,0.0,0.379175814644,71.4792201972,-0.183163553912,0.111575383329,-0.0649442158612,-0.136532386444
55,1045,145.03116,-37.85807,0,Malvern - Glen Iris,Melbourne - Inner South,Education,Stonnington - East,20631971980,76.8647252845,598453.970007,46,408040.255602,19404.1186586,31532.124977,102746.495246,0.0,25034.262196,11696.7133279,0.534249102512,57.2636757097,-0.662550155052,-0.228203240883,0.857926926605,-0.0328264693299
56,1041,145.02036,-37.78007,12,Alphington - Fairfield,Melbourne - Inner,Education,Darebin - South,20144570000,77.0723441623,506018.085007,39,406570.511635,0.0,30015.8266117,69431.7467599,0.0,0.0,0.0,0.316514693179,41.6576226638,-0.658040553546,-0.601217671531,-0.437852674496,-1.69711089957
57,1033,144.92879,-37.79558,75,Kensington (Vic.),Melbourne - Inner,Residential,Melbourne City,20631938090,153.606925827,624971.82001,96,492802.822723,22185.3282059,9900.08518408,11907.0057091,65106.028085,0.0,23035.8550587,0.413293011637,81.3474873493,1.00433460365,0.347445788381,0.138093825051,1.48987421708
58,1021,145.03229,-37.83392,5,Hawthorn,Melbourne - Inner East,Education,Boroondara,20071500000,65.8069713197,577446.420006,38,416508.968575,67972.2204013,91109.9205446,1855.31048547,0.0,0.0,0.0,0.409727401677,55.2690753084,-0.902730934585,-0.275877994446,0.116874190239,-1.06173473879
59,1004,145.04448,-37.77252,0,Ivanhoe,Melbourne - North East,Education,Banyule,20016910000,83.1047421966,360990.230005,30,260825.534277,8116.33853239,47611.6023054,28324.4891294,0.0,0.0,10624.9116821,0.456973127832,27.1792718982,-0.527013396771,-0.947277866995,0.398042648538,-1.07624861523
60,1003,144.89493,-37.85019,0,Newport,Melbourne - West,Education,Hobsons Bay,20282710000,107.649127338,548076.90001,59,508007.794581,22372.9860614,2436.97261708,4970.32826365,0.0,0.0,0.0,0.130445923895,45.5045053017,0.00610477308153,-0.509269839961,-1.54518392443,-2.04834899131
61,962,144.96825,-37.75863,3,Brunswick,Melbourne - Inner,Education,Brunswick - Coburg,20631931300,74.6784815373,615973.960009,46,526524.279659,0.0,12807.0280763,46362.1877252,21664.8483332,8615.61621576,0.0,0.301556502967,60.87710532,-0.71003662736,-0.141835381899,-0.526871758827,-1.37874376809
62,956,145.03218,-37.85768,0,Malvern - Glen Iris,Melbourne - Inner South,Education,Stonnington - East,20631971980,84.6074791109,602783.590008,51,432069.236023,34639.4000195,37516.0840712,73852.6557105,0.0,16402.4851254,8303.72905805,0.508746458846,59.171111842,-0.49437308621,-0.182611879585,0.706155759439,0.0291707936448
63,954,144.91127,-37.77384,0,Ascot Vale,Melbourne - Inner,Education,Essendon,20449950000,79.8113095502,726714.050012,58,653870.199062,9210.44549526,13437.8972626,50127.0887509,68.4194410127,0.0,0.0,0.210444308842,55.9856826418,-0.598548649125,-0.258749712512,-1.06909805609,-1.92639641773
64,931,144.97786,-37.77634,66,Brunswick East,Melbourne - Inner,Residential,Brunswick - Coburg,20464460000,81.0183792438,752915.580013,61,681878.126288,12502.5056127,10965.625131,22019.0142233,25550.3087574,0.0,0.0,0.224832526243,77.2550097403,-0.572330400748,0.24962776862,-0.983470990249,-1.30617362238
65,915,144.94298,-37.76229,0,Brunswick West,Melbourne - Inner,Education,Brunswick - Coburg,20462840000,84.3969230266,758321.485012,64,673491.599769,33272.4860974,6872.98777103,17186.1321779,0.0,0.0,27498.2791963,0.252464045932,62.0037557453,-0.49894648553,-0.114906288061,-0.819030469936,-1.43288324353
66,818,144.99155,-37.85955,0,St Kilda,Melbourne - Inner,Education,Port Phillip,20527120000,118.341642252,616858.095009,73,376760.507946,91064.8132791,49958.939426,99073.8343573,0.0,0.0,0.0,0.55543728913,87.0542819558,0.23835235026,0.483849063105,0.984021925042,1.70622333841
67,707,144.91429,-37.7572,3,Essendon - Aberfeldie,Melbourne - Inner,Education,Essendon,20448730000,87.3198089748,767294.395014,67,619944.663432,0.0,35834.9165968,111514.814985,0.0,0.0,0.0,0.306126787457,42.4764375858,-0.435459720699,-0.581646433303,-0.499673111486,-1.51677926549
68,605,144.94287,-37.79289,12,North Melbourne,Melbourne - Inner,Education,Melbourne City,20399470000,153.146711113,620320.21001,95,357792.736695,127724.874182,20999.1068587,46050.0617213,66386.4067243,1367.02382815,0.0,0.618272265505,81.8127672053,0.99433847523,0.358566864291,1.35796502789,2.71087036741
69,590,145.03745,-37.80817,50,Kew,Melbourne - Inner East,Residential,Boroondara,20072820000,62.6673440023,718077.34501,45,569712.498993,30209.7524482,49648.4829377,68506.6106315,0.0,0.0,0.0,0.372988484015,40.8409858682,-0.970925446684,-0.620736848382,-0.101766217668,-1.69342851273
70,579,144.98639,-37.80046,0,Collingwood,Melbourne - Inner,Education,Yarra,20639700000,152.766948671,778964.305011,119,472590.104796,0.0,47412.9002563,222827.459697,36133.8402625,0.0,0.0,0.50054527376,84.8395835024,0.986089816441,0.43091354634,0.65734892008,2.07435228286
71,566,144.92319,-37.75966,3,Moonee Ponds,Melbourne - Inner,Education,Essendon,20447840000,116.409297027,670049.57501,78,498760.384583,105454.54977,20218.7296036,45615.9110535,0.0,0.0,0.0,0.410777533981,57.325199158,0.196380699951,-0.226732713137,0.123123730783,0.0927717175973
72,524,144.98822,-37.79034,0,Yarra - North,Melbourne - Inner,Education,Yarra,20639710000,142.807148113,700245.06001,100,436840.411862,88611.6070397,18805.1528173,133971.449748,0.0,0.0,22016.4385431,0.554125335438,59.2204893349,0.76975721674,-0.181431663334,0.976214234761,1.56453978817
73,509,144.9848,-37.83169,86,South Yarra - West,Melbourne - Inner,Education,Melbourne City,20400110000,146.170595879,670449.48001,98,292920.565732,347782.227629,22764.37055,5192.21500346,0.0,0.0,1790.10109535,0.447388506709,79.4996885064,0.842813237798,0.303279872034,0.341002713632,1.48709582346
74,478,144.8899,-37.8137,19,Yarraville,Melbourne - West,Education,Maribyrnong,20379920000,112.777870683,576354.205011,65,489772.096125,3.55860097753,10533.9415731,40986.8556543,0.634058190626,0.0,0.0,0.186377786452,53.094767828,0.117504029974,-0.327848089927,-1.21232258765,-1.42266664761
75,477,144.90685,-37.80116,0,Footscray,Melbourne - West,Education,Maribyrnong,20631951280,113.092386501,618962.975011,70,280980.039889,21491.835089,12322.0383541,261094.878956,43074.1827223,0.0,0.0,0.566695295708,52.1730272172,0.124335494555,-0.349879448407,1.05102050059,0.825476546736
76,468,144.97852,-37.80205,18,Fitzroy,Melbourne - Inner,Commercial,Yarra,20639621000,181.752555068,742768.100011,135,528271.34553,26136.1323761,16098.1414234,172262.480682,0.0,0.0,0.0,0.401921730712,90.2308567413,1.61567386777,0.559775258636,0.0704211319489,2.24587025836
77,467,144.97441,-37.80371,11,Fitzroy,Melbourne - Inner,Education,Yarra,20639260000,168.771386497,580667.150009,98,271734.751631,183801.384656,11273.0069046,72661.8384973,0.0,41196.1683196,0.0,0.639178245025,96.0083431029,1.33371541611,0.697868201123,1.48238055727,3.51396417451
78,457,145.0355,-37.8102,0,Kew,Melbourne - Inner East,Education,Boroondara,20071780000,60.4135194406,711761.215009,43,566795.11977,26449.1958189,49959.7241578,59460.1831903,0.0,0.0,9096.99207206,0.387109236378,37.2721836785,-1.01987981318,-0.706038026903,-0.0177308880193,-1.7436487281
79,404,145.0311,-37.81386,54,Kew,Melbourne - Inner East,Residential,Boroondara,20074690000,55.3934871073,379105.940006,21,364107.787523,393.811653969,3729.80538655,10874.5354418,0.0,0.0,0.0,0.099307477708,49.2800395608,-1.12891780434,-0.419027370714,-1.73049484292,-3.27844001797
80,391,145.02509,-37.85232,0,Armadale,Melbourne - Inner,Education,Stonnington - West,20631913830,72.6889737137,495260.810007,36,423739.813707,1350.91722881,24682.7044783,45487.374593,0.0,0.0,0.0,0.266355560095,34.8669973655,-0.753249882194,-0.763526566799,-0.73635938117,-2.25313583016
81,336,144.96785,-37.73893,3,Coburg,Melbourne - Inner,Education,Brunswick - Coburg,20467110000,110.965558164,711932.615011,79,468366.264477,69541.9831664,58691.9341658,65036.2588655,50296.1743358,0.0,0.0,0.572615443304,46.8979923588,0.0781395591425,-0.475962841726,1.08625244447,0.688429161885
82,330,144.98573,-37.83895,3,South Yarra - West,Melbourne - Inner,Education,Melbourne City,20399120000,159.913426614,694125.58001,111,454090.492007,176158.381742,15408.0283778,48468.677883,0.0,0.0,0.0,0.460453807414,90.6674163518,1.14131542997,0.570209865905,0.418756846238,2.13028214211
83,259,145.03848,-37.81395,88,Kew,Melbourne - Inner East,Residential,Boroondara,20074150000,73.2308466131,669116.940009,49,625708.000286,0.0,13224.7623516,30184.1773715,0.0,0.0,0.0,0.143921328227,51.5716026144,-0.741480090987,-0.364254643414,-1.46498918579,-2.57072392019
84,152,145.00377,-37.74481,0,Preston - East,Melbourne - North East,Education,Darebin - North,20155860000,92.3781620298,638679.085009,59,399169.70812,19827.8010067,34479.0749513,161577.426167,0.0,0.0,23625.074764,0.528703745015,46.7202851444,-0.325589381407,-0.480210383062,0.824925431125,0.0191256666557
85,151,144.99672,-37.77462,0,Northcote,Melbourne - Inner,Education,Darebin - South,20145160000,104.746682757,725559.970011,76,613283.183227,1692.28792708,20835.5409519,45909.6032822,0.0,3688.13342155,40151.2212011,0.318544137094,58.3586155448,-0.056937993482,-0.202032090626,-0.425775061068,-0.684745145176
86,148,145.03432,-37.82646,7,Hawthorn,Melbourne - Inner East,Education,Boroondara,20068830000,85.3382835479,761674.565009,65,666953.632874,0.0,23928.96917,70791.9629659,0.0,0.0,0.0,0.229100178626,88.1857043425,-0.478499593281,0.510892215922,-0.958073365135,-0.925680742495
87,113,144.93173,-37.7847,0,Flemington,Melbourne - Inner,Education,Essendon,20450070000,116.054029751,663484.07001,77,544037.307431,10676.8032729,48419.306282,48915.0700312,5904.49308782,0.0,5531.08990521,0.356845341213,87.8333587131,0.188664090268,0.50247048341,-0.197837184148,0.493297389529
88,107,144.99759,-37.85902,0,St Kilda East,Melbourne - Inner,Education,Port Phillip,20527180000,134.497451392,602241.895008,81,405175.363664,123708.882011,51377.6462686,21980.0030637,0.0,0.0,0.0,0.474110004248,89.887871213,0.589265821977,0.551577250389,0.500027516045,1.64087058841
89,106,144.99472,-37.85764,3,Prahran - Windsor,Melbourne - Inner,Education,Stonnington - West,20548750000,154.774621866,684866.800009,106,413359.882171,93703.9611523,77467.6890864,100335.267599,0.0,0.0,0.0,0.567752562381,79.182610295,1.0296976336,0.295701098072,1.05731249914,2.38271123081
90,98,144.94624,-37.7933,0,North Melbourne,Melbourne - Inner,Education,Melbourne City,20632000580,175.059328644,576947.260009,101,379849.494202,140993.62299,20999.1068587,19018.5184485,0.0,16086.5175102,0.0,0.489443716928,86.1930930877,1.47029313807,0.463265006754,0.591281407244,2.52483955207
91,96,145.00488,-37.87738,58,Caulfield - North,Melbourne - Inner South,Education,Glen Eira,20632006670,72.9936636547,657591.325009,48,608341.648499,10283.0243356,37384.5301474,1582.12202755,0.0,0.0,0.0,0.161649476971,45.7258452571,-0.746631841334,-0.503979392901,-1.35948554225,-2.61009677649
92,83,145.03918,-37.81111,0,Kew,Melbourne - Inner East,Education,Boroondara,20072280000,74.2390529437,579209.975006,43,494882.794134,6913.30325285,47631.5980616,29782.2795574,0.0,0.0,0.0,0.280242495894,41.7634347868,-0.719581269292,-0.598688559992,-0.653715539135,-1.97198536842
93,78,144.9009,-37.8635,3,Williamstown,Melbourne - West,Education,Hobsons Bay,20283420000,80.1273881782,723847.380012,58,550287.123603,71850.858276,32449.5337769,24850.0128603,13742.0671783,0.0,28771.8140382,0.460366008324,41.6206114643,-0.591683239431,-0.602102309784,0.418234336863,-0.775551212352
94,26,144.997,-37.85936,13,St Kilda East,Melbourne - Inner,Education,Port Phillip,20527170000,116.6098753,565989.800008,66,384800.240109,116423.170303,50795.6725961,13970.7170008,0.0,0.0,0.0,0.460112169689,91.9282990741,0.200737375472,0.600347367641,0.41672369403,1.21780843714
95,25,144.95288,-37.80597,213,North Melbourne,Melbourne - Inner,Commercial,Melbourne City,20631900250,200.253694728,823954.835013,165,192955.650945,59096.2869091,3062.63914445,568840.258015,0.0,0.0,0.0,0.413960412586,99.3531328361,2.01752926805,0.777815054711,0.14206565724,2.93740998
96,1,144.98215,-37.84883,6,South Yarra - West,Melbourne - Inner,Education,Melbourne City,20400690000,130.604818318,643161.570009,84,401343.797675,95967.1471679,57966.5872174,11361.1723938,0.0,76522.8655541,0.0,0.575364202937,118.613266961,0.504715591508,1.23816899197,1.10261084492,2.8454954284
97,8889,144.94742,-37.84437,0,Albert Park,Melbourne - Inner,Education,Port Phillip,20532020000,170.627560793,474718.150007,81,399562.156363,23442.9774054,22676.4113241,29036.6049146,0.0,0.0,0.0,0.313378629332,68.1782352001,1.37403259001,0.0326755464758,-0.456515997274,0.950192139208
98,8849,144.9764,-37.74118,0,Coburg,Melbourne - Inner,Education,Brunswick - Coburg,20468780000,73.3521285383,613479.13001,45,381374.477909,135932.298542,78488.0838577,17684.2697008,0.0,0.0,0.0,0.511188588661,50.9685584748,-0.738845777778,-0.378668548435,0.720689346518,-0.396824979694
99,8836,144.89401,-37.79107,0,Footscray,Melbourne - West,Education,Maribyrnong,20371480000,98.4261311284,599434.310011,59,427010.043034,89578.1239151,32340.7490464,0.0,42542.0947381,6435.13196465,0.0,0.472491444839,100.218524892,-0.194224012154,0.79849957527,0.490395155813,1.09467071893
100,8819,145.01433,-37.82251,0,Richmond (Vic.),Melbourne - Inner,Education,Yarra,20645840000,80.0426947721,349813.310006,28,157140.594699,83469.7286647,68936.4752953,24706.6404073,15559.8709391,0.0,0.0,0.692281655963,50.3783482362,-0.59352282895,-0.392775698749,1.79840923117,0.812110703468
101,8807,144.95576,-37.77101,0,Brunswick,Melbourne - Inner,Education,Brunswick - Coburg,20465220000,111.601548698,618270.990011,69,274524.444363,59152.8914731,55417.9918175,84755.0529738,133936.366831,10484.2425513,0.0,0.75754564931,65.1207264303,0.0919536395229,-0.0404047442054,2.18680788403,2.23835677934
102,8748,144.9848,-37.80784,3,Collingwood,Melbourne - Inner,Education,Yarra,20637590000,149.626631149,788629.665011,118,386204.927971,55647.5456323,15429.5289409,178787.424337,127031.77021,25528.4679192,0.0,0.696476633752,86.5878448651,0.917880312711,0.472700327077,1.82337435571,3.2139549955
103,8742,144.98747,-37.78491,5,Fitzroy North,Melbourne - Inner,Education,Yarra,20637940000,123.973259072,758228.030011,94,499078.308058,185210.146592,24240.5572448,49699.0181162,0.0,0.0,0.0,0.466752160032,59.1165762012,0.360674308412,-0.183915385405,0.456239561386,0.632998484394
104,8704,145.03801,-37.8857,0,Caulfield - North,Melbourne - Inner South,Education,Glen Eira,20189740000,81.3314021241,565587.200007,46,452877.070782,91581.7989149,21128.3303101,0.0,0.0,0.0,0.0,0.306056238758,61.3663460107,-0.565531363652,-0.130141596344,-0.500092960448,-1.19576592044
105,8475,144.89513,-37.86275,0,Williamstown,Melbourne - West,Education,Hobsons Bay,20283310000,71.7879484901,487547.015009,35,368129.636564,24645.160262,31355.6924582,11795.2209496,0.0,0.0,51621.304775,0.445692643867,42.1050071753,-0.772820668563,-0.590524328483,0.330910305714,-1.03243469133
106,8405,144.95566,-37.79701,0,Parkville,Melbourne - Inner,Education,Melbourne City,20400900000,176.710470557,481012.810006,85,208899.552075,77137.666385,104407.296859,20756.9603117,0.0,69811.3343767,0.0,0.721030345416,99.3624833533,1.50615689061,0.778038549907,1.96949824492,4.25369368543
107,8368,144.96188,-37.76969,83,Brunswick,Melbourne - Inner,Commercial,Brunswick - Coburg,20462601000,125.613156437,692602.610011,87,279084.479011,0.0,35290.1384431,232011.621241,143014.945375,3201.42593989,0.0,0.634609199067,57.5138615108,0.396293822901,-0.222223323099,1.45518928068,1.62925978048
108,8345,144.92664,-37.73695,0,Strathmore,Melbourne - North West,Education,Keilor,20451130000,88.9151950373,348646.820006,31,173441.394726,9249.88414154,55688.1196629,0.0,0.0,0.0,106455.458308,0.565292178428,31.2383485059,-0.400807017322,-0.850258194866,1.04267027815,-0.208394934037
109,8337,145.03416,-37.87398,0,Caulfield - North,Melbourne - Inner South,Education,Glen Eira,20191210000,78.0820598313,550702.685007,43,403066.971611,132712.471419,6312.2911365,8610.95084046,0.0,0.0,0.0,0.353352365739,46.8416806307,-0.636108948153,-0.477308799422,-0.218624557079,-1.33204230465
110,8245,144.96503,-37.78348,0,Carlton North - Princes Hill,Melbourne - Inner,Education,Yarra,20636660000,82.404198959,570359.285009,47,340615.781393,205859.912098,23883.5915181,0.0,0.0,0.0,0.0,0.415510268222,60.7471582602,-0.542229599032,-0.144941364456,0.151289148026,-0.535881815463
111,8180,144.98972,-37.77416,0,Northcote,Melbourne - Inner,Education,Darebin - South,20141630000,124.360624549,587002.520008,73,398220.744555,121204.703307,29769.1793755,12748.7143612,0.0,0.0,25059.1784105,0.492304798971,53.7587770868,0.369088109493,-0.311977002286,0.608308260093,0.665419367299
112,8135,144.97186,-37.83589,0,Albert Park,Melbourne - Inner,Education,Port Phillip,20631963090,166.119334358,674214.11501,112,207664.252156,145224.801774,62411.3366779,256454.538079,2459.18632332,0.0,0.0,0.669021049596,156.580631589,1.27611131747,2.14566141547,1.6599808618,5.08175359475
113,8025,144.99532,-37.83683,0,South Yarra - East,Melbourne - Inner,Education,Stonnington - West,20545740000,193.195180154,574548.495008,111,212078.93075,71430.3812012,18488.4578748,253324.085424,0.0,0.0,19226.6397577,0.623056551593,143.41032035,1.86421426953,1.83086585929,1.38643724014,5.08151736896
114,8003,145.00226,-37.81648,0,Richmond (Vic.),Melbourne - Inner,Education,Yarra,20644450000,151.147414358,800542.970011,121,527844.89954,29846.6871879,35383.3818615,185851.853109,6334.32974538,15281.8185679,0.0,0.507728269897,93.6656171255,0.95091259918,0.641872582369,0.700096319985,2.29288150154
115,7947,144.92558,-37.78791,0,Kensington (Vic.),Melbourne - Inner,Education,Melbourne City,20448980000,130.492907367,659039.650011,86,525491.229247,40630.5319717,14133.6010027,69353.7365844,3899.46130012,0.0,5531.08990521,0.381391543259,76.7747809321,0.502284821252,0.238149384241,-0.0517579861347,0.688676219359
116,7841,144.8949,-37.7991,0,Footscray,Melbourne - West,Education,Maribyrnong,20373030000,202.658171162,759900.275014,154,490746.655263,0.0,42670.649974,222572.900092,0.0,0.0,0.0,0.412528154355,78.9931601313,2.06975587992,0.291172877852,0.133542011369,2.49447076914
117,7810,144.9845,-37.88199,0,Elwood,Melbourne - Inner,Education,Port Phillip,20521460000,88.1988062976,646267.250009,57,521060.031562,51441.7452313,52042.3333486,8365.61319679,0.0,0.0,0.0,0.322061505302,76.4562753454,-0.41636739301,0.230536493287,-0.404842522259,-0.590673421983
118,7763,144.93326,-37.78235,0,Flemington,Melbourne - Inner,Education,Essendon,20451740000,94.2616053694,615308.85001,58,467213.609352,31981.994603,56980.4633096,58834.6876528,0.0,0.0,298.095092869,0.41690419701,76.3216355622,-0.284679908203,0.227318345693,0.159584687962,0.102223125452
119,7670,144.89775,-37.74712,0,Essendon - Aberfeldie,Melbourne - Inner,Education,Essendon,20448190000,40.9551122051,610424.405013,25,533524.946932,45002.0410411,31897.4170399,0.0,0.0,0.0,0.0,0.238525654863,34.809249595,-1.44252761608,-0.764906848645,-0.901980532236,-3.10941499697
120,7526,145.04463,-37.83985,0,Hawthorn East,Melbourne - Inner East,Education,Boroondara,20070040000,61.5275844933,178781.600003,11,86542.2457644,39125.0020115,33733.3342182,15479.4182676,0.0,0.0,0.0,0.624466011636,39.4064117372,-0.995681679119,-0.655025906039,1.39482520959,-0.255882375569
121,7384,144.96477,-37.82823,0,Southbank,Melbourne - Inner,Commercial,Melbourne City,20394783000,188.256201627,515255.270009,97,162702.953792,9264.60497876,37680.4597292,134150.1176,114332.081225,0.0,57125.0526847,0.799527403812,295.254447306,1.75693681368,5.46023008079,2.43664942845,9.65381632292
122,7366,145.04082,-37.82314,54,Hawthorn,Melbourne - Inner East,Education,Boroondara,20069812000,114.068174636,736401.720009,84,492959.856611,37624.1631073,102010.315637,82510.0479179,0.0,0.0,12308.5256314,0.518142600452,85.7286350175,0.145530174369,0.452163573093,0.76207401627,1.35976776373
123,7300,145.02538,-37.74007,0,Preston - East,Melbourne - North East,Education,Darebin - North,20146450000,56.3914888884,602927.865006,34,332549.479406,27489.1255386,42557.2997331,160631.144081,39700.8162466,0.0,0.0,0.6103093549,34.9188185021,-1.10724063133,-0.762287942802,1.31057620607,-0.558952368065
124,6261,145.0257,-37.76204,89,Thornbury,Melbourne - Inner,Education,Darebin - South,20141980000,62.5713215289,479452.875007,30,224406.013779,101804.911055,39297.7983432,0.0,113944.15183,0.0,0.0,0.632553907707,34.9945260948,-0.973011110065,-0.760478386954,1.4429578441,-0.290531652917
125,6212,144.9905,-37.80298,0,Collingwood,Melbourne - Inner,Education,Yarra,20639680000,132.324245386,597018.330008,79,281666.346059,4989.77614616,31034.297743,106895.658408,172432.251652,0.0,0.0,0.62428056404,78.1676463397,0.54206253691,0.271441523866,1.39372157506,2.20722563584
126,5489,145.02003,-37.88805,0,Caulfield - South,Melbourne - Inner South,Education,Glen Eira,20182270000,74.042298653,607760.710008,45,518209.474585,0.0,13613.9873922,74538.1950746,0.0,0.0,0.0,0.2452166955,42.3896987203,-0.723854885712,-0.583719657611,-0.862160854702,-2.16973539803
127,5271,145.00748,-37.81464,0,Richmond (Vic.),Melbourne - Inner,Education,Yarra,20643780000,118.684615643,724609.50001,86,526322.913892,7740.79112171,26737.7959114,53863.144375,109944.85471,0.0,0.0,0.453149748016,97.1313971447,0.245801929679,0.724711334538,0.375288975443,1.34580223966
128,5269,144.99907,-37.82957,0,Richmond (Vic.),Melbourne - Inner,Education,Yarra,20643230000,253.243844426,687084.815009,174,200571.266751,89576.4302628,9626.87263242,300823.514106,30388.1324968,0.0,56098.5987608,0.713771885874,63.8653560846,3.16850581381,-0.0704104896285,1.92630174768,5.02439707187
129,5261,144.95174,-37.73292,0,Coburg,Melbourne - Inner,Education,Brunswick - Coburg,20467390000,50.159405292,578156.775009,29,351455.276341,0.0,45187.2728412,0.0,160133.798981,0.0,0.0,0.438170746632,41.9757249553,-1.24260507343,-0.593614420099,0.286146039796,-1.55007345373
130,5145,144.94197,-37.83679,0,Port Melbourne,Melbourne - Inner,Education,Port Phillip,20529191000,153.610086016,807238.660014,124,578691.949234,146441.912679,11969.3631498,70135.4349503,0.0,0.0,0.0,0.422935215759,111.632006097,1.00440324478,1.07130354311,0.195476447526,2.27118323541
131,5144,145.04074,-37.75629,0,Heidelberg West,Melbourne - North East,Education,Banyule,20023060000,108.497854338,497705.695007,54,307198.509674,111921.35849,47867.5475692,10888.5716941,0.0,19025.7567148,0.0,0.548380800165,30.1948889912,0.0245396119428,-0.875198867284,0.942027393793,0.0913681384514
132,5109,144.93236,-37.77682,0,Ascot Vale,Melbourne - Inner,Education,Essendon,20444190000,61.3574764903,488937.970008,30,361873.33724,32217.3953957,11624.4700502,83222.7673221,0.0,0.0,0.0,0.407128859967,42.2504009705,-0.999376522835,-0.587049139491,0.101409765714,-1.48501589661
133,5068,144.93526,-37.78578,0,Flemington,Melbourne - Inner,Parkland,Essendon,20450820000,117.956115912,584963.31001,69,452431.001419,41960.0314938,39459.0860007,19188.2924732,31550.5230002,0.0,374.375623813,0.433666849363,107.124092929,0.229978496296,0.963555821202,0.259342475657,1.45287679316
134,5044,144.99574,-37.81363,0,Richmond (Vic.),Melbourne - Inner,Education,Yarra,20645250000,148.908426775,705131.350011,105,502602.563375,7131.89647793,9129.64106898,154395.628342,0.0,22497.7217048,9373.89904212,0.433730231427,95.3771382904,0.902280500402,0.682781202311,0.259719674585,1.8447813773
135,4980,144.97044,-37.7956,0,Carlton,Melbourne - Inner,Education,Melbourne City,20396640000,193.824226781,748100.495011,145,604254.30304,17177.0019199,28856.0032253,97813.1868258,0.0,0.0,0.0,0.334394747172,118.416758198,1.87787752427,1.23347205778,-0.33144501343,2.77990456862
136,4764,145.02946,-37.73305,0,Preston - East,Melbourne - North East,Education,Darebin - North,20148210000,87.9662016248,363776.080005,32,289317.063917,10685.3506949,38016.2034406,19901.8203126,0.0,0.0,0.0,0.347222624748,44.232331402,-0.42141970036,-0.53967722237,-0.255103831808,-1.21620075454
137,4704,144.93562,-37.74572,0,Pascoe Vale South,Melbourne - Inner,Education,Brunswick - Coburg,20471020000,81.2431218979,775450.260013,63,564859.336525,103788.622016,26194.9435319,14438.0534615,0.0,0.0,66169.3044788,0.46179685461,37.004905057,-0.567448860967,-0.712426495692,0.426749579977,-0.853125776682
138,4679,144.9874,-37.764,0,Northcote,Melbourne - Inner,Education,Darebin - South,20142240000,60.8242503236,526105.950007,32,439252.045787,22889.9263766,19369.3400582,15162.6802182,29431.9575672,0.0,0.0,0.345400034694,53.0216776701,-1.01095850203,-0.329595084092,-0.26595041789,-1.60650400401
139,4612,144.91711,-37.73556,0,Strathmore,Melbourne - North West,Education,Keilor,20444910000,63.8167105012,485766.185009,31,381166.073413,30898.8391748,23491.915568,17323.1952208,0.0,0.0,32886.1616324,0.417893431645,32.456130162,-0.945960544901,-0.821150890811,0.165471814692,-1.60163962102
140,4543,144.95187,-37.73603,0,Coburg,Melbourne - Inner,Education,Brunswick - Coburg,20467390000,77.3990549969,736443.100013,57,647959.100127,0.0,45187.2578412,0.0,43296.7420444,0.0,0.0,0.231500552439,42.1350974948,-0.650944206206,-0.589805112461,-0.943788276103,-2.18453759477
141,4399,144.9431,-37.75654,0,Brunswick West,Melbourne - Inner,Education,Brunswick - Coburg,20463740000,89.3426018184,548450.560009,49,493198.179716,19888.2419253,16983.8107417,11775.396146,0.0,0.0,6604.93147966,0.235913016933,67.4303494765,-0.391523496075,0.0147996513623,-0.917528846096,-1.29425269081
142,4309,144.99072,-37.74789,0,Preston - West,Melbourne - North East,Education,Darebin - North,20148730000,83.5857222262,646043.35001,54,574958.724648,12157.5321772,16749.73691,0.0,35081.8303575,0.0,7095.52591691,0.247157049679,40.7616339251,-0.516566233738,-0.622633511156,-0.850613431532,-1.98981317643
143,4304,144.94318,-37.77057,3,Brunswick West,Melbourne - Inner,Education,Brunswick - Coburg,20462910000,74.3994659435,752693.575012,56,685753.759275,29728.1910703,18962.135776,12718.9654328,5530.52345755,0.0,0.0,0.210843567142,49.0322708665,-0.716097006623,-0.424949515037,-1.06672199269,-2.20776851435
144,4220,144.89555,-37.7566,7,Essendon - Aberfeldie,Melbourne - Inner,Education,Essendon,20448360000,61.5639127287,665974.565014,41,604711.217996,22628.4196473,38634.92737,0.0,0.0,0.0,0.0,0.188963270203,34.0917497153,-0.994892608941,-0.782056464139,-1.19693587357,-2.97388494665
145,4183,145.04474,-37.83953,0,Hawthorn East,Melbourne - Inner East,Education,Boroondara,20068440000,56.6548934013,176507.260002,10,85208.3925708,38921.9204006,33529.7178178,14945.6294725,0.0,0.0,0.0,0.624126734052,39.4064117372,-1.10151933373,-0.655025906039,1.39280610304,-0.36373913673
146,4177,145.00555,-37.77647,0,Northcote,Melbourne - Inner,Education,Darebin - South,20139500000,118.357277534,650572.58501,77,614221.887856,21245.3596827,15105.3374715,0.0,0.0,0.0,0.0,0.130217561857,46.2877438437,0.238691957575,-0.490548945064,-1.54654295111,-1.7983999386
147,4087,145.00513,-37.87471,0,Caulfield - North,Melbourne - Inner South,Education,Glen Eira,20184270000,55.3989975319,487373.440006,27,433473.987086,9694.01915489,44205.4337649,0.0,0.0,0.0,0.0,0.205486515121,49.7274343482,-1.12879811475,-0.408333782052,-1.09860284585,-2.63573474264
148,4025,144.91112,-37.78068,0,Ascot Vale,Melbourne - Inner,Education,Essendon,20450940000,108.631647855,533914.390009,58,281612.300303,28706.6124201,11921.9592248,211673.518061,0.0,0.0,0.0,0.48628445428,54.0177424804,0.0274456841229,-0.305787235497,0.572480023914,0.29413847254
149,4015,144.90303,-37.74149,0,Essendon - Aberfeldie,Melbourne - Inner,Education,Essendon,20448270000,68.3321711934,643913.390011,44,567452.53117,12884.0246883,26207.1898413,37369.6443121,0.0,0.0,0.0,0.249330386637,55.0726618781,-0.847882140148,-0.280572650018,-0.837679482755,-1.96613427292
150,3987,144.93369,-37.76341,0,Moonee Ponds,Melbourne - Inner,Education,Essendon,20446680000,63.2493795405,490123.385007,31,302056.483506,129191.708253,20214.8536191,0.0,0.0,0.0,38660.3396289,0.504446031866,45.2183851565,-0.958283299849,-0.516108657101,0.680563086357,-0.793828870593
151,3942,144.98836,-37.8815,0,Elwood,Melbourne - Inner,Education,Port Phillip,20523580000,83.3964161801,407691.380006,34,366235.173941,9494.24449529,25966.4300968,0.0,0.0,0.0,0.0,0.179773565867,81.6765810884,-0.520678069999,0.355311756372,-1.25162558226,-1.41699189588
152,3941,144.94762,-37.74715,0,Coburg,Melbourne - Inner,Education,Brunswick - Coburg,20467830000,61.7638898374,777153.125012,48,740066.609794,25161.6254473,11924.8897704,0.0,0.0,0.0,0.0,0.113941236153,44.2400855413,-0.990548991058,-0.539491883653,-1.64340651481,-3.17344738952
153,3889,144.99675,-37.75543,0,Thornbury,Melbourne - Inner,Education,Darebin - South,20142050000,100.902205479,733383.37501,74,583994.981674,40562.7513831,18292.3884001,43336.283349,0.0,0.0,47196.9702039,0.399428874095,51.9773560775,-0.140442252355,-0.354556361818,0.0555856598584,-0.439412954314
154,3885,144.99553,-37.73737,0,Preston - West,Melbourne - North East,Education,Darebin - North,20146950000,96.1468285718,676049.340009,65,582410.165354,0.0,67567.3415662,26071.8330892,0.0,0.0,0.0,0.248814939292,42.2583599352,-0.243731775355,-0.586858905057,-0.840747009642,-1.67133769005
155,3820,145.02156,-37.87211,0,Caulfield - North,Melbourne - Inner South,Education,Glen Eira,20184301000,67.992625096,661836.485008,45,540786.899062,78080.7717297,20117.5630419,22851.2511747,0.0,0.0,0.0,0.328690572438,48.4746456849,-0.855257276784,-0.438277820342,-0.365391661023,-1.65892675815
156,3806,145.01427,-37.75452,0,Thornbury,Melbourne - Inner,Education,Darebin - South,20141320000,58.7582343231,680755.650009,40,658942.290284,17275.5833186,4537.77640618,0.0,0.0,0.0,0.0,0.0812769799781,45.8257756271,-1.0558335585,-0.501590866478,-1.83779782377,-3.39522224875
157,3774,144.98232,-37.84977,6,South Yarra - West,Melbourne - Inner,Education,Melbourne City,20400690000,135.24319049,635891.535009,86,491708.511198,46728.6124387,69347.8277901,6960.75126075,0.0,21145.8323211,0.0,0.408519407671,147.649223804,0.60546370433,1.932183736,0.109685184169,2.6473326245
158,3599,145.03201,-37.78352,0,Yarra - North,Melbourne - Inner,Education,Yarra,20638770000,80.1945109834,498787.255007,40,420110.540565,63279.5398128,12406.6558666,0.0,2990.51876219,0.0,0.0,0.271891098905,32.0739045423,-0.590225293475,-0.830286812078,-0.703416318597,-2.12392842415
159,3585,144.95062,-37.75986,0,Brunswick,Melbourne - Inner,Education,Brunswick - Coburg,20462110000,84.5639221635,768649.305012,65,709748.613555,32077.3654521,15348.4513638,11474.874641,0.0,0.0,0.0,0.178369360986,60.2994568955,-0.495319168174,-0.155642280899,-1.25998227722,-1.91094372629
160,3179,144.9794,-37.7651,0,Brunswick East,Melbourne - Inner,Education,Brunswick - Coburg,20461400000,99.7571909955,541314.360009,54,446151.470663,76543.0218761,12464.3937501,6155.47371935,0.0,0.0,0.0,0.29482136174,68.652281985,-0.165312625853,0.0440061687054,-0.566953887508,-0.688260344656
161,3146,145.00388,-37.78679,0,Yarra - North,Melbourne - Inner,Education,Yarra,20641640000,111.465845476,439596.540007,49,304651.189225,126985.082535,7960.26824734,0.0,0.0,0.0,0.0,0.352264889824,65.2367836898,0.0890060874484,-0.0376307543672,-0.225096336674,-0.173721003593
162,3139,145.00883,-37.76151,0,Thornbury,Melbourne - Inner,Education,Darebin - South,20139870000,45.4220346933,748535.38001,34,730683.07954,0.0,17852.3004703,0.0,0.0,0.0,0.0,0.057898294811,51.8657589496,-1.34550348905,-0.357223746006,-1.97692890293,-3.67965613799
163,3110,144.9874,-37.77697,0,Fitzroy North,Melbourne - Inner,Education,Yarra,20637210000,113.374527576,555680.375008,63,409598.748347,88128.2064214,19347.2360009,26350.3855819,0.0,0.0,12255.7986564,0.443219458909,60.1419251414,0.130463761069,-0.159407590256,0.316191903473,0.287248074286
164,3016,145.0099,-37.84508,0,Toorak,Melbourne - Inner,Education,Stonnington - West,20546000000,120.872575198,306107.485004,37,291458.654413,9846.71797745,4802.11261383,0.0,0.0,0.0,0.0,0.114303868906,45.8305403194,0.293325670329,-0.501476981244,-1.64124841713,-1.84939972804
165,2955,144.9681,-37.7804,0,Carlton North - Princes Hill,Melbourne - Inner,Education,Yarra,20636310000,91.2152940733,635858.28001,58,522573.852803,48600.000178,37325.6924955,27358.7345332,0.0,0.0,0.0,0.338957429963,71.0911044118,-0.350847542621,0.10229867587,-0.304291605273,-0.552840472024
166,2932,144.9338,-37.83532,0,Port Melbourne,Melbourne - Inner,Education,Port Phillip,20532000000,129.998588149,623083.69001,81,426714.428704,113066.618844,21594.2768821,0.0,61708.3655796,0.0,0.0,0.469953404991,66.7013555417,0.491547923374,-0.00262469397027,0.47529078957,0.964214018974
167,2901,144.90958,-37.76828,0,Moonee Ponds,Melbourne - Inner,Education,Essendon,20446880000,78.3533206977,676423.150009,53,631001.138087,12583.1095292,14606.133712,0.0,0.0,18232.7686814,0.0,0.164028934645,47.3536594922,-0.630217006033,-0.465071528221,-1.34532492922,-2.44061346347
168,2870,144.99728,-37.89142,0,Brighton (Vic.),Melbourne - Inner South,Education,Bayside,20044160000,63.0887985555,237760.115003,15,143647.18604,56951.5754768,33261.3516757,0.0,0.0,0.0,0.0,0.473166334972,35.236529692,-0.961771211253,-0.754694039447,0.494411557583,-1.22205369312
169,2837,144.96648,-37.75505,0,Coburg,Melbourne - Inner,Education,Brunswick - Coburg,20467930000,66.9313551329,732093.350011,49,529129.382697,0.0,32379.6375539,124687.740991,40738.7755478,5157.81322149,0.0,0.446949266845,51.1366707842,-0.878308671112,-0.374650343629,0.338388712214,-0.914570302528
170,2815,144.9575,-37.8478,0,Albert Park,Melbourne - Inner,Education,Port Phillip,20529380000,145.77921637,816302.920013,119,753562.607374,47072.3203518,15582.8141656,0.0,0.0,0.0,0.0,0.161285926404,62.391731119,0.83431224963,-0.105632936709,-1.36164910202,-0.632969789103
171,2784,144.94974,-37.8306,0,South Melbourne,Melbourne - Inner,Education,Port Phillip,20529430000,190.527901328,740049.090012,141,140928.736965,39537.1844788,6255.67968345,56479.1321,459163.837405,0.0,37684.5193797,0.594476822409,44.4050543365,1.80627943851,-0.53554881483,1.21635374165,2.48708436533
172,2743,144.97241,-37.77867,0,Brunswick East,Melbourne - Inner,Education,Brunswick - Coburg,20461480000,101.663106013,678712.295011,69,568943.24412,32375.8770539,26725.1949401,50667.9788968,0.0,0.0,0.0,0.315592685993,83.320107181,-0.123915054876,0.394595164412,-0.443339717666,-0.17265960813
173,2711,145.0204,-37.77799,0,Alphington - Fairfield,Melbourne - Inner,Education,Darebin - South,20140080000,78.3263005542,676656.495009,53,561960.872823,6300.96953405,30016.03886,78378.6137922,0.0,0.0,0.0,0.300982079454,44.8331867866,-0.6308038991,-0.525315632765,-0.530290264306,-1.68640979617
174,2634,145.01778,-37.85219,0,Armadale,Melbourne - Inner,Education,Stonnington - West,20550230000,131.231778767,601988.335009,79,524070.935399,0.0,20569.9979738,57347.4016359,0.0,0.0,0.0,0.236401847393,43.1425127953,0.518333533255,-0.5657259655,-0.914619721443,-0.962012153688
175,2608,144.92612,-37.77432,0,Ascot Vale,Melbourne - Inner,Education,Essendon,20445260000,78.9383348274,570065.23001,45,460282.380156,819.487289206,11148.270484,97815.0920809,0.0,0.0,0.0,0.288562462905,44.0144863595,-0.617510162478,-0.544884134345,-0.604201805561,-1.76659610238
176,2605,144.96951,-37.80205,5,Carlton,Melbourne - Inner,Education,Melbourne City,20395860000,222.608546234,741211.435012,165,261273.247515,206907.451776,19035.9445988,243588.327364,0.0,10406.4637581,0.0,0.638979208204,113.928446543,2.50308950734,1.12619284939,1.48119605064,5.11047840737
177,2586,145.03847,-37.87159,0,Malvern - Glen Iris,Melbourne - Inner South,Education,Stonnington - East,20557120000,85.0675340995,517236.105005,44,450152.321778,4084.04638654,16071.8288863,46927.9079539,0.0,0.0,0.0,0.249100771257,42.3202390238,-0.484380427109,-0.585379876827,-0.839045968311,-1.90880627225
178,2436,145.04298,-37.76657,0,Ivanhoe,Melbourne - North East,Education,Banyule,20023130000,106.567267713,609943.385008,65,426155.04055,15119.6618355,16519.264965,120384.429392,0.0,0.0,23012.0129132,0.453382513793,34.8358361977,-0.0173938405444,-0.764271378138,0.376674209617,-0.404991009066
179,2374,144.92758,-37.7927,0,Kensington (Vic.),Melbourne - Inner,Education,Melbourne City,20449350000,179.440997133,640879.18501,115,573505.440115,16634.9658567,11937.1222595,16520.0749699,8931.975118,0.0,13349.6066915,0.258419238765,80.0347788579,1.56546549918,0.316069551925,-0.78358996507,1.09794508604
180,1912,144.90025,-37.8064,0,Footscray,Melbourne - West,Education,Maribyrnong,20377070000,91.1271018091,680368.395012,62,320859.024284,18717.34407,45934.1646993,160192.203997,134665.657961,0.0,0.0,0.666234259557,44.4812811324,-0.352763129349,-0.533726849034,1.64339613504,0.756906156655
181,1896,144.99564,-37.85715,0,Prahran - Windsor,Melbourne - Inner,Education,Stonnington - West,20544290000,174.351276314,648116.85001,113,384224.646208,80621.7690858,67502.7911136,115767.643602,0.0,0.0,0.0,0.571705862565,84.5243374731,1.45491383402,0.423378565022,1.08083935349,2.95913175253
182,1886,144.99881,-37.80898,0,Abbotsford,Melbourne - Inner,Education,Yarra,20637040000,117.247632347,545853.240008,64,335766.362675,15919.8689373,14446.5617789,109745.689891,69888.6700637,0.0,86.0866624573,0.557683058411,91.1316190944,0.214589825551,0.581305196749,0.997386932583,1.79328195488
183,1604,145.0344,-37.85601,0,Malvern - Glen Iris,Melbourne - Inner South,Education,Stonnington - East,20555670000,78.4177199761,586602.110008,46,491890.288214,34642.9040323,37515.7988357,18105.9471529,0.0,4447.17177222,0.0,0.32630566728,68.6712880946,-0.628818216645,0.0444604509717,-0.37958469309,-0.963942458763
184,1508,145.03386,-37.82404,0,Hawthorn,Melbourne - Inner East,Education,Boroondara,20067480000,99.9359338116,620397.465008,62,412180.551563,18502.7906054,31703.1181481,151484.396205,0.0,6526.60848668,0.0,0.473074309997,95.0947119323,-0.161430229026,0.676030673728,0.493863899152,1.00846434385
185,1490,144.98415,-37.78502,0,Fitzroy North,Melbourne - Inner,Education,Yarra,20640000000,120.953666596,768889.465011,93,498558.834079,201666.98656,24164.9390781,44498.7052931,0.0,0.0,0.0,0.465379173684,64.9100960301,0.295087022148,-0.0454392124703,0.448068653958,0.697716463636
186,1479,144.98901,-37.87022,0,St Kilda,Melbourne - Inner,Education,Port Phillip,20525150000,120.596173943,754584.470011,91,583433.372962,42892.7025671,21156.4247922,100285.67176,0.0,0.0,6816.29792903,0.397156407945,83.7039293626,0.287322075996,0.403769246553,0.0420617740793,0.733153096628
187,1409,144.89175,-37.8559,0,Williamstown,Melbourne - West,Education,Hobsons Bay,20283450000,83.5311997949,646465.035012,54,531328.288364,32714.6423701,13835.9129716,44525.1153755,0.0,0.0,21599.6571622,0.355175185643,44.4364580573,-0.517750492321,-0.534798206011,-0.207776603118,-1.26032530145
188,1402,144.95078,-37.79861,0,North Melbourne,Melbourne - Inner,Education,Melbourne City,20401850000,218.865218559,740181.565012,162,470128.633934,32144.7966084,43314.8444967,152367.266569,0.0,42226.023403,0.0,0.554679176237,123.609619536,2.42178227607,1.35759134724,0.97951024852,4.75888387183
189,1401,144.99689,-37.77176,0,Northcote,Melbourne - Inner,Education,Darebin - South,20139540000,107.821165042,584300.865008,63,440649.18676,0.0,24396.1724913,88635.8350821,0.0,0.0,30619.6706747,0.403928634774,54.8509286404,0.00984153101183,-0.285872497275,0.0823646063523,-0.193666359911
190,1360,144.98924,-37.79231,0,Yarra - North,Melbourne - Inner,Education,Yarra,20638090000,124.977238687,744135.500011,93,439516.590128,99609.8056158,18804.3128173,136798.275833,0.0,0.0,49406.5156172,0.598470458364,64.5970662704,0.382481323407,-0.0529212207182,1.24012064198,1.56968074467
191,1252,144.97302,-37.79106,0,Carlton North - Princes Hill,Melbourne - Inner,Education,Yarra,20636340000,118.28907443,710124.755011,84,597285.875938,55387.732279,31341.8550763,10535.0649097,0.0,0.0,15574.2268084,0.322981808902,101.282841185,0.237210546905,0.823938764474,-0.399365617455,0.661783693925
192,1183,144.89973,-37.86381,0,Williamstown,Melbourne - West,Education,Hobsons Bay,20284160000,82.1762706723,742306.745013,61,542851.344524,88022.430083,42407.2402351,24638.5969609,10541.9446666,0.0,32942.0405324,0.491720463396,41.0567228583,-0.547180332588,-0.615580322879,0.604830766024,-0.557929889443
193,1181,144.9524,-37.84179,10,Albert Park,Melbourne - Inner,Education,Port Phillip,20531680000,210.079216425,866339.865014,182,744454.966349,25368.6429501,28013.4728933,68502.7828214,0.0,0.0,0.0,0.280218941491,58.4071656668,2.23094525362,-0.20087165012,-0.653855715947,1.37621788756
194,1075,145.03316,-37.80463,0,Kew,Melbourne - Inner East,Education,Boroondara,20074520000,71.4530013365,559808.535006,40,409254.916265,19522.1964236,16057.0422974,114904.201783,0.0,0.0,70.1782365027,0.397788450772,53.5201892065,-0.780095913492,-0.317679707644,0.0458231832455,-1.05195243789
195,824,145.00745,-37.74787,0,Preston - East,Melbourne - North East,Education,Darebin - North,20631920750,101.269165813,750475.225011,76,582850.153778,39808.8997733,24479.612783,95145.4112132,0.0,0.0,8191.14746351,0.398213026956,64.097244077,-0.132471662724,-0.0648679243684,0.0483499182718,-0.148989668821
196,583,144.98563,-37.84135,0,South Yarra - West,Melbourne - Inner,Education,Melbourne City,20399100000,177.447686509,772058.530011,137,472961.673605,238273.069113,14677.98305,28826.1440967,0.0,17319.6601468,0.0,0.486304098905,84.8199439771,1.52216964534,0.430444124229,0.572596932879,2.52521070245
197,484,144.96803,-37.74118,0,Coburg,Melbourne - Inner,Education,Brunswick - Coburg,20466610000,115.903999815,741993.375011,86,407562.518855,71981.1481103,43895.4763703,187226.691659,31327.5400166,0.0,0.0,0.618618799116,43.5640653654,0.185405353728,-0.555650055119,1.36002731646,0.98978261507
198,483,144.92104,-37.7531,0,Essendon - Aberfeldie,Melbourne - Inner,Education,Essendon,20445780000,74.2410470621,592664.05501,44,451006.496182,36677.2237625,29811.6965309,75168.6385344,0.0,0.0,0.0,0.407179251876,49.3015041002,-0.719537955893,-0.418514327287,0.101709657717,-1.03634262546
199,450,144.9815,-37.7996,3,Fitzroy,Melbourne - Inner,Education,Yarra,20638150000,174.757951855,835441.240012,146,498705.995504,3513.2672766,42806.7915097,289947.862459,0.0,0.0,467.323262902,0.43923181037,86.5021805646,1.4637470608,0.470652786922,0.292460635418,2.22686048314
200,293,145.01839,-37.82011,0,Hawthorn,Melbourne - Inner East,Education,Boroondara,20071720000,110.668828201,614445.83001,68,432602.945011,104784.796362,41028.5764868,35995.7160446,33.7961054962,0.0,0.0,0.460541955362,54.1143774213,0.0716944135756,-0.303477476113,0.419281431731,0.187498369194
201,253,144.89267,-37.79838,0,Footscray,Melbourne - West,Education,Maribyrnong,20376930000,174.377470462,699631.665012,122,538138.731424,0.0,42670.634974,109691.578154,0.0,0.0,0.0,0.338446103559,85.7465826326,1.45548278598,0.452592555322,-0.307334607644,1.60074073366
202,250,144.9336,-37.78139,0,Flemington,Melbourne - Inner,Education,Essendon,20444990000,96.7115751417,620401.43501,60,475970.20809,21631.7008396,59202.9970779,62267.543382,0.0,0.0,1328.98562001,0.405174949641,73.662160049,-0.231465154861,0.163751808949,0.0897816672831,0.0220683213702
